query,output,timestamp
Language Access Services:,"Here's the information on Language Access Services from the provided text:

**Language Access Services:**

*   **Spanish (Español):** Para obtener asistencia en Español, llame al [877-585-8480]
*   **Tagalog (Tagalog):** Kung kailangan ninyo ang tulong sa Tagalog tumawag sa [877-585-8480]
*   **Chinese (中文):** 如果需要中文的帮助，请拨打这个号码[877-585-8480]
*   **Navajo (Dine):** Dinek'ehgo shika at'ohwol ninisingo, kwiijigo holne' [877-585-8480]

All language assistance options listed use the same phone number: 877-585-8480.
",2025-04-19 07:19:46.020522
